{
  "project_info": {
    "project_number": "572246751463",
    "project_id": "unihack2021-16259",
    "storage_bucket": "unihack2021-16259.appspot.com"
  },
  "client": [
    {
      "client_info": {
        "mobilesdk_app_id": "1:572246751463:android:799eddba7c5a178e42ca42",
        "android_client_info": {
          "package_name": "com.example.unihack2021"
        }
      },
      "oauth_client": [
        {
          "client_id": "572246751463-kr0jogikbp4a2m9rpfthn7lor8dm7vam.apps.googleusercontent.com",
          "client_type": 3
        }
      ],
      "api_key": [
        {
          "current_key": "AIzaSyBe1kLqkyZJxiKu-8r63Aon-8JHEig0Txs"
        }
      ],
      "services": {
        "appinvite_service": {
          "other_platform_oauth_client": [
            {
              "client_id": "572246751463-kr0jogikbp4a2m9rpfthn7lor8dm7vam.apps.googleusercontent.com",
              "client_type": 3
            }
          ]
        }
      }
    }
  ],
  "configuration_version": "1"
}